{
  "model_name": "resnet50_v2_stage2",
  "accuracy": 0.7466666666666667,
  "precision_weighted": 0.7641229283272627,
  "recall_weighted": 0.7466666666666667,
  "f1_weighted": 0.7480223602222161,
  "top5_accuracy": 0.9226666666666666,
  "avg_inference_time_sec": 0.03800696266721934,
  "images_per_second": 26.310968565306876,
  "model_size_mb": 217.23606491088867,
  "num_parameters": 24127897
}