{
  "model_name": "vgg16",
  "accuracy": 0.312,
  "precision_weighted": 0.3835890450088105,
  "recall_weighted": 0.312,
  "f1_weighted": 0.3025097449831148,
  "top5_accuracy": 0.6186666666666667,
  "avg_inference_time_sec_per_image": 0.10635359786668172,
  "images_per_second": 9.40259680968704,
  "model_size_mb": 57.79020690917969,
  "num_parameters": 14852441
}